,Temperature_C,Humidity_pct,Precipitation_mm,Wind_Speed_kmh
count,100164.0,100164.0,100164.0,100164.0
mean,15.009207643653708,60.08879764537094,5.003164065928749,14.999500905388588
std,14.444326337202256,17.336360231053234,2.886278986147301,8.667839294245038
min,-9.999959230077,30.001636518226743,0.0001182836351054,0.0001709818530026
25%,2.486382191021557,45.04242430930986,2.5031217128089303,7.501626658183751
50%,15.002932968050636,60.10993074720082,4.999396329282774,14.969178600944137
75%,27.498216139043983,75.0964756576968,7.5039389513603005,22.534901545534737
max,39.99856055186906,89.99885651759882,9.99988856709657,29.99988874184295
