,Temperature_C,Humidity_pct,Precipitation_mm,Wind_Speed_kmh
count,99936.0,99936.0,99936.0,99936.0
mean,15.00909700720192,59.95989957750124,4.9975076729199825,15.022001476205846
std,14.461942909256434,17.34968611845141,2.882275709707434,8.649085931848585
min,-9.99958798082056,30.000571791071224,0.0001851027920396,0.000342360230362
25%,2.433905516166499,44.884539381537465,2.4972032691096624,7.530301879064917
50%,15.051937970483353,59.94065748023577,4.99730290398025,15.07209430657908
75%,27.538118003663516,75.02793478628982,7.497237147699535,22.482471105892493
max,39.998804370831856,89.99992937436375,9.999967657057034,29.99997073570769
