,Temperature_C,Humidity_pct,Precipitation_mm,Wind_Speed_kmh
count,100076.0,100076.0,100076.0,100076.0
mean,14.942985042361997,59.96759781279587,4.99775712329664,14.989935004712327
std,14.439691695079274,17.35912025400091,2.893838225939255,8.662017534931651
min,-9.99987439479397,30.000734005798176,1.0394200221641723e-05,0.0001189807294355
25%,2.4287379921071297,44.938755133876306,2.482612480782988,7.465355314895004
50%,14.962627061849606,59.94031835546755,5.001478746629076,15.00074500413125
75%,27.38858080853344,75.01194895075525,7.509106137898196,22.480584328162607
max,39.998913308230456,89.99908188061943,9.999920575413226,29.99994749527864
