,Temperature_C,Humidity_pct,Precipitation_mm,Wind_Speed_kmh
count,99922.0,99922.0,99922.0,99922.0
mean,15.08106274908064,60.07215055449289,5.00449120867658,15.035120312286246
std,14.476483450839678,17.305096532534854,2.886508026561726,8.675607208544246
min,-9.999913404497292,30.00022342039281,0.0001526080192437,0.0001726084358111
25%,2.5196303715586525,45.13544715069078,2.5054621027292363,7.493098608665481
50%,15.066194014043502,60.00574076402367,5.002281584472051,15.022370681046363
75%,27.611974709114946,75.0918225008735,7.507905344571947,22.5923773898586
max,39.99959211763532,89.99801370572808,9.99952180907166,29.99975655115586
