,Temperature_C,Humidity_pct,Precipitation_mm,Wind_Speed_kmh
count,99972.0,99972.0,99972.0,99972.0
mean,15.013389431407813,60.04468750127573,4.993056530918697,14.989397750499155
std,14.409033998040808,17.33360330513305,2.89031356218545,8.666129749204249
min,-9.999869874982425,30.000230953136324,0.0003313475966038,0.0001988108519546
25%,2.54771952918516,44.99957710945472,2.484736210739048,7.475861319986924
50%,14.991462587122545,59.98060527257829,4.992406297799357,14.984574588411053
75%,27.50421148148773,75.07343314434753,7.508042280301167,22.529284666995196
max,39.99980055990208,89.99987967163739,9.99999249115184,29.999681446891326
