,Temperature_C,Humidity_pct,Precipitation_mm,Wind_Speed_kmh
count,100122.0,100122.0,100122.0,100122.0
mean,15.035891898863449,60.04490179973953,5.008560516820026,14.990662875754575
std,14.410762120562245,17.269699692565,2.8950581243605624,8.647465286779966
min,-9.999282018001706,30.000008666508258,0.000454488671896,0.0002717819188335
25%,2.550614248614527,45.062013605715045,2.492420044593328,7.510186508581889
50%,15.084902064638658,60.112821250313104,5.028841650572236,14.968509916040517
75%,27.511430570499595,74.9957178653393,7.525348870153895,22.47182322783084
max,39.99964200636102,89.9993318572472,9.99994426051706,29.999972925526304
