,Temperature_C,Humidity_pct,Precipitation_mm,Wind_Speed_kmh
count,100209.0,100209.0,100209.0,100209.0
mean,12.792479413115554,60.04864274658562,6.087485273304434,14.983903806245186
std,14.765593754505145,17.329179735081965,3.277201029185796,8.666228312146492
min,-19.96931109358452,30.002950266110545,3.2045266361580005e-05,8.999963599376493e-05
25%,0.2859645018586132,44.95839734121389,3.5004405913604018,7.471617714748742
50%,12.758344843973866,60.04602427946364,6.087943081079695,14.964394863872547
75%,25.32625382839393,75.13127613750234,8.578512193112209,22.52121172604996
max,39.998888644407685,89.99966605841759,14.971582777942082,29.999391814635505
