,Temperature_C,Humidity_pct,Precipitation_mm,Wind_Speed_kmh
count,99863.0,99863.0,99863.0,99863.0
mean,14.956107953677252,59.98662993606084,4.98739839411497,14.971368507043167
std,14.390721792217523,17.344691328198792,2.8880688550077873,8.646561285704356
min,-9.99996563986281,30.00177566185697,8.904156590938683e-06,5.064808367705176e-05
25%,2.5148533034307423,44.97019819687628,2.4854129346083793,7.498933411268978
50%,14.972620869838313,60.01220420850181,4.98540609745532,14.972031933713506
75%,27.366642082756094,75.06543211065473,7.497893586008139,22.434259829492547
max,39.99901485495224,89.99997706846489,9.99982970510389,29.9999319738748
