,Temperature_C,Humidity_pct,Precipitation_mm,Wind_Speed_kmh
count,99774.0,99774.0,99774.0,99774.0
mean,14.933538709596471,60.0720742591027,5.006593145960051,15.037633062690066
std,14.432428017870555,17.287226988395282,2.885055710398405,8.68658928243707
min,-9.99998592555378,30.001341410845463,8.874015084647802e-05,0.0006136335350581
25%,2.4424275589190074,45.12297331120259,2.5210520526438764,7.504502764492725
50%,14.839506018560684,60.160829820445215,5.013094529277246,15.06611821306668
75%,27.439123848860724,74.97093179846202,7.494823369463813,22.60046384057199
max,39.99969202638841,89.99894117623978,9.99971592886046,29.999919825628563
