,Temperature_C,Humidity_pct,Precipitation_mm,Wind_Speed_kmh
count,99962.0,99962.0,99962.0,99962.0
mean,15.027760596677577,59.93279843637158,5.008091230149265,14.956578923965534
std,14.43835336117844,17.325298399763224,2.890161019475524,8.668014250936539
min,-9.999964254517032,30.00002822213065,0.0001491758309435,0.0005734440140603
25%,2.4949424129148836,44.95992489897472,2.508367321854978,7.447336851555519
50%,15.109589769875804,59.88467502239537,5.000209404236905,14.934561267422874
75%,27.488305557593335,74.97849104708783,7.510211635646072,22.47464062081504
max,39.99834306167054,89.99963680515208,9.999733828342388,29.999799991033733
